/uploads/chemistry/aas-gta-reading-material.pdf	Aas Gta Reading Material
/uploads/chemistry/aas.pdf	Aas
/uploads/chemistry/atomic-absorption-spectroscopy-notes.pdf	Atomic Absorption Spectroscopy Notes
/uploads/chemistry/basic-chem.pdf	Basic Chem
/uploads/chemistry/catalysis.pdf	Catalysis
/uploads/chemistry/chem-cheat-sheet-1.pdf	Chem Cheat Sheet 1
/uploads/chemistry/chem-cheat-sheet-2.pdf	Chem Cheat Sheet 2
/uploads/chemistry/chemistry-1st-mst.pdf	Chemistry 1st Mid-Semester Test
/uploads/chemistry/chemistry-endsem-2025.pdf	Chemistry Endsem 2025
/uploads/chemistry/chemistry-lab-manual-be-1st-year.pdf	Chemistry Lab Manual Be 1st Year
/uploads/chemistry/chemistry-lab-manual-semA.pdf	Chemistry Lab Manual
/uploads/chemistry/chemistry-lubricants-slides.pdf	Chemistry Lubricants Slides
/uploads/chemistry/chemistry-mst1-semA.pdf	Chemistry Mid-Semester Test 1
/uploads/chemistry/chemistry-mst2-semA.pdf	Chemistry Mid-Semester Test 2
/uploads/chemistry/chemistry-notes.pdf	Chemistry Notes
/uploads/chemistry/chemistry-practical-1.pdf	Chemistry Practical 1
/uploads/chemistry/chemistry-practical-2.pdf	Chemistry Practical 2
/uploads/chemistry/chemistry-practical-3.pdf	Chemistry Practical 3
/uploads/chemistry/chemistry-practicals-semA.pdf	Chemistry Practicals
/uploads/chemistry/chemistry-previous-years-2.pdf	Chemistry Previous Years 2
/uploads/chemistry/chemistry-previous-years.pdf	Chemistry Previous Years
/uploads/chemistry/chemistry-unit1-water-notes.pdf	Chemistry Unit1 Water Notes
/uploads/chemistry/chemistry-unit2-lubricants-notes.pdf	Chemistry Unit2 Lubricants Notes
/uploads/chemistry/chemistry-water-slides.pdf	Chemistry Water Slides
/uploads/chemistry/chromatography-notes.pdf	Chromatography Notes
/uploads/chemistry/corrosion-1.pdf	Corrosion 1
/uploads/chemistry/corrosion-2.pdf	Corrosion 2
/uploads/chemistry/corrosion-4-rotated.pdf	Corrosion 4 Rotated
/uploads/chemistry/corrosion-5-rotated.pdf	Corrosion 5 Rotated
/uploads/chemistry/corrosion-science-notes.pdf	Corrosion Science Notes
/uploads/chemistry/environmental-pollution.pdf	Environmental Pollution
/uploads/chemistry/ethics-for-corrosion-control.docx	Ethics For Corrosion Control
/uploads/chemistry/green-chemistry.pdf	Green Chemistry
/uploads/chemistry/infrared-spectroscopy.pdf	Infrared Spectroscopy
/uploads/chemistry/ir-spectroscopy-2.pdf	Ir Spectroscopy 2
/uploads/chemistry/lech206.pdf	Chemistry Lab Manual (LECH206)
/uploads/chemistry/nmr-notes.pdf	Nmr Notes
/uploads/chemistry/polymers.pdf	Polymers
/uploads/chemistry/spectroscopy.pdf	Spectroscopy
/uploads/chemistry/unit1-organic-inorganic-physical-chemistry.pdf	Unit1 Organic Inorganic Physical Chemistry
/uploads/chemistry/water-chemistry.pdf	Water Chemistry
/uploads/chemistry/water.pdf	Water
/uploads/civil/ce-assignment-1.pdf	Ce Assignment 1
/uploads/civil/chain-surveying-notes.pdf	Chain Surveying Notes
/uploads/civil/history-of-civil-engineering.pdf	History Of Civil Engineering
/uploads/civil/introduction-to-civil-engineering.pdf	Introduction To Civil Engineering
/uploads/civil/kailasa-temple-case-study.pdf	Kailasa Temple Case Study
/uploads/civil/surveying-example-questions.pdf	Surveying Example Questions
/uploads/civil/technology-and-civil-engineering.pdf	Technology And Civil Engineering
/uploads/civil/types-of-surveys-detailed-notes.pdf	Types Of Surveys Detailed Notes
/uploads/electronics/assignment-1-unit-2.pdf	Assignment 1 Unit 2
/uploads/electronics/assignment-electrical.pdf	Assignment Electrical
/uploads/electronics/assignment-unit1-dc-circuits.pdf	Assignment Unit1 DC Circuits
/uploads/electronics/ec-unit-1.pdf	Ec Unit 1
/uploads/electronics/ece-syllabus.pdf	Ece Syllabus
/uploads/electronics/ee-notes.pdf	Electrical Engineering Notes
/uploads/electronics/eee-analog-cheatsheet.pdf	Eee Analog Cheatsheet
/uploads/electronics/eee-digital-cheatsheet.pdf	Eee Digital Cheatsheet
/uploads/electronics/et-unit1.pdf	Et Unit1
/uploads/electronics/et-unit2-part1.pdf	Et Unit2 Part1
/uploads/electronics/et-unit2-part2.pdf	Et Unit2 Part2
/uploads/electronics/et-unit3-part1.pdf	Et Unit3 Part1
/uploads/electronics/et-unit3-part2.pdf	Et Unit3 Part2
/uploads/electronics/lecture-6.pdf	Lecture 6
/uploads/electronics/lecture-7-dr-sks-ee10510.pdf	Lecture 7 Dr Sks Ee10510
/uploads/electronics/lecture-8-dr-sks.pdf	Lecture 8 Dr Sks
/uploads/electronics/lecture-9-dr-sks.pdf	Lecture 9 Dr Sks
/uploads/electronics/practice-sheet-2-ac-3-phase.pdf	Practice Sheet 2 AC 3 Phase
/uploads/electronics/practice-sheet-2.pdf	Practice Sheet 2
/uploads/electronics/syllabus-mst2.pdf	Syllabus Mid-Semester Test 2
/uploads/electronics/transformer.pdf	Transformer
/uploads/electronics/unit4-dc-motor.pdf	Unit4 DC Motor
/uploads/general/adobe-scan-2022.pdf	Handwritten Notes (Adobe Scan)
/uploads/general/btech-2nd-year-it-applied-maths-syllabus.pdf	B.Tech 2nd Year IT — Applied Maths Syllabus
/uploads/general/camscanner-1905084940.pdf	Handwritten Notes (CamScanner Set 1)
/uploads/general/camscanner-2405132557.pdf	Handwritten Notes (CamScanner Set 2)
/uploads/general/camscanner-2405132920.pdf	Handwritten Notes (CamScanner Set 3)
/uploads/general/camscanner-2705070337.pdf	Handwritten Notes (CamScanner Set 4)
/uploads/general/divyanshu-ab-19063.pdf	Student Assignment Submission (AB-19063)
/uploads/general/endsem-2015-19-compilation.pdf	End-Semester PYQs (2015–2019 Compilation)
/uploads/general/endsem-2022-paper1.pdf	End-Semester Exam 2022 — Paper Set 1
/uploads/general/endsem-2022-paper2.pdf	End-Semester Exam 2022 — Paper Set 2
/uploads/general/endsem-pyq-compilation.pdf	End-Semester PYQ Compilation
/uploads/general/lab-manual-unlabeled.pdf	Lab Manual (Unclassified)
/uploads/general/paper.pdf	Question Paper (Unclassified)
/uploads/general/scan-2.pdf	Handwritten Notes (Scan 1)
/uploads/general/scan-3.pdf	Handwritten Notes (Scan 2)
/uploads/general/scan-4.pdf	Handwritten Notes (Scan 3)
/uploads/general/scan-5-alt.pdf	Handwritten Notes (Scan 5)
/uploads/general/scan-5.pdf	Handwritten Notes (Scan 4)
/uploads/general/sem2-syllabus.pdf	Semester 2 Syllabus
/uploads/general/semA-syllabus.pdf	First Year Syllabus Overview
/uploads/general/sgsits-papers.pdf	SGSITS Previous Year Question Papers
/uploads/general/sgsits-syllabus-btech-1st-year-2025.pdf	SGSITS B.Tech First Year Syllabus (2025)
/uploads/general/syllabus-2nd-sem.pdf	Semester 2 Syllabus (Alternate Copy)
/uploads/general/unlabeled-assignment-a1.pdf	Assignment 1 (Unclassified Subject)
/uploads/general/unlabeled-doc-1.docx	Miscellaneous Notes
/uploads/languages/ab-15096-eng-labmanual.pdf	Ab 15096 Eng Labmanual
/uploads/languages/communication-notes.docx	Communication Notes
/uploads/languages/eng-lab-manual.pdf	Eng Lab Manual
/uploads/languages/english-lab-manual-google-docs.pdf	English Lab Manual Google Docs
/uploads/languages/english-lab-tanmay-mehta.pdf	English Lab Tanmay Mehta
/uploads/languages/english-practical.pdf	English Practical
/uploads/languages/lab-manual-english.pdf	Lab Manual English
/uploads/languages/language-skills.docx	Language Skills
/uploads/languages/linguistics.pdf	Linguistics
/uploads/languages/lsrw-notes.pdf	Lsrw Notes
/uploads/languages/oral-presentation-notes.pdf	Oral Presentation Notes
/uploads/languages/ppt-communication-skills.pptx	Ppt Communication Skills
/uploads/languages/ppt-public-speaking.ppt	Ppt Public Speaking
/uploads/languages/project-report-sample-document.pdf	Project Report Sample Document
/uploads/languages/project-writing-notes.pdf	Project Writing Notes
/uploads/languages/sgsits-english-proficiency-test.pdf	Sgsits English Proficiency Test
/uploads/languages/sound-spelling-chart.pdf	Sound Spelling Chart
/uploads/languages/sq3r-method-notes.pdf	Sq3r Method Notes
/uploads/languages/technical-english-mst1.pdf	Technical English Mid-Semester Test 1
/uploads/languages/unit2-technical-english-notes.pdf	Unit2 Technical English Notes
/uploads/mathematics/all-pyq-last-year-compilation.pdf	Complete Previous Year Question Papers (All Subjects)
/uploads/mathematics/all-theorems.pdf	All Theorems
/uploads/mathematics/assignment-1-ma10509.pdf	Assignment 1 Ma10509
/uploads/mathematics/assignment-2-ma10501-data-science.pdf	Assignment 2 Ma10501 Data Science
/uploads/mathematics/assignment-2-sk.pdf	Assignment 2 Sk
/uploads/mathematics/assignment-2-unit-5.pdf	Assignment 2 Unit 5
/uploads/mathematics/asymptotes-and-curve-tracing.pdf	Asymptotes And Curve Tracing
/uploads/mathematics/beta-gamma-functions.pdf	Beta Gamma Functions
/uploads/mathematics/curvature-1.pdf	Curvature 1
/uploads/mathematics/curvature-2.pdf	Curvature 2
/uploads/mathematics/differential-equations-1.pdf	Differential Equations 1
/uploads/mathematics/differential-equations-2.pdf	Differential Equations 2
/uploads/mathematics/double-integrals.pdf	Double Integrals
/uploads/mathematics/fuzzy-sets.pdf	Fuzzy Sets
/uploads/mathematics/hyperbolic-functions.pdf	Hyperbolic Functions
/uploads/mathematics/indian-mathematicians-unit1.pdf	Indian Mathematicians Unit1
/uploads/mathematics/infinite-series-1.pdf	Infinite Series 1
/uploads/mathematics/infinite-series-2.pdf	Infinite Series 2
/uploads/mathematics/integration.pdf	Integration
/uploads/mathematics/m02-previous-years-2.pdf	Mathematics — Previous Year Questions (M02, Alternate Copy)
/uploads/mathematics/m02-previous-years.pdf	Mathematics — Previous Year Questions (M02)
/uploads/mathematics/math-endsem-2018-2024.pdf	Math Endsem 2018 2024
/uploads/mathematics/math-endsem-april2025.pdf	Math Endsem April2025
/uploads/mathematics/math-endsem-december2025.pdf	Math Endsem December2025
/uploads/mathematics/math-mst1-semA.pdf	Math Mid-Semester Test 1
/uploads/mathematics/math-mst2-semA.pdf	Math Mid-Semester Test 2
/uploads/mathematics/mathematics-2-mst1.pdf	Mathematics 2 Mid-Semester Test 1
/uploads/mathematics/maths-cheat-sheet.pdf	Maths Cheat Sheet
/uploads/mathematics/matrices-1.pdf	Matrices 1
/uploads/mathematics/matrices-2.pdf	Matrices 2
/uploads/mathematics/matrices-3.pdf	Matrices 3
/uploads/mathematics/matrices-semA.pdf	Matrices
/uploads/mathematics/maxima-minima-jacobian-taylor.pdf	Maxima Minima Jacobian Taylor
/uploads/mathematics/mclaurin-taylor-series.pdf	Mclaurin Taylor Series
/uploads/mathematics/practice-questions-unit-5.pdf	Practice Questions Unit 5
/uploads/mathematics/practice-sheet-1-first-year.pdf	Practice Sheet 1 First Year
/uploads/mathematics/successive-differentiation.pdf	Successive Differentiation
/uploads/mathematics/test-statistics.pdf	Test Statistics
/uploads/mathematics/unit4-hypothesis-testing.pdf	Unit4 Hypothesis Testing
/uploads/mathematics/unit4-sampling.pdf	Unit4 Sampling
/uploads/mathematics/unit5-list-of-r-programs.pdf	Unit5 List Of R Programs
/uploads/mathematics/unit5-ms-excel.pdf	Unit5 Ms Excel
/uploads/mathematics/unit5-r-programming.pdf	Unit5 R Programming
/uploads/mechanical-workshop/bme-first-sem-complete-theory.pdf	Bme First Sem Complete Theory
/uploads/mechanical-workshop/carpentry-shop.pdf	Carpentry Shop
/uploads/mechanical-workshop/chapter-3-casting.pptx	Chapter 3 Casting
/uploads/mechanical-workshop/cutting-fluids.pptx	Cutting Fluids
/uploads/mechanical-workshop/fitting-1.pdf	Fitting 1
/uploads/mechanical-workshop/fitting-shop.pdf	Fitting Shop
/uploads/mechanical-workshop/fluid-kinematics-notes.pdf	Fluid Kinematics Notes
/uploads/mechanical-workshop/fluid-kinematics-question-bank.pdf	Fluid Kinematics Question Bank
/uploads/mechanical-workshop/fluid-mechanics.pdf	Fluid Mechanics
/uploads/mechanical-workshop/fme-mst1-paper.pdf	Fme Mid-Semester Test 1 Paper
/uploads/mechanical-workshop/fme-notes-ravi-jatola.pdf	Fme Notes Ravi Jatola
/uploads/mechanical-workshop/foundry-shop.pdf	Foundry Shop
/uploads/mechanical-workshop/ic-engine-automobiles-question-bank.pdf	Ic Engine Automobiles Question Bank
/uploads/mechanical-workshop/intro-to-mechanics.pdf	Intro To Mechanics
/uploads/mechanical-workshop/lubricants-study-material-1.docx	Lubricants Study Material 1
/uploads/mechanical-workshop/lubricants-study-material.docx	Lubricants Study Material
/uploads/mechanical-workshop/lubricants.pdf	Lubricants
/uploads/mechanical-workshop/machine-shop.pdf	Machine Shop
/uploads/mechanical-workshop/manufacturing-process.pdf	Manufacturing Process
/uploads/mechanical-workshop/me-boiler-notes.pdf	Me Boiler Notes
/uploads/mechanical-workshop/mechanical-endsem-2025.pdf	Mechanical Endsem 2025
/uploads/mechanical-workshop/mechanical-mst1-semA.pdf	Mechanical Mid-Semester Test 1
/uploads/mechanical-workshop/mechanical-mst2-semA.pdf	Mechanical Mid-Semester Test 2
/uploads/mechanical-workshop/mechanical-properties-question-bank.pdf	Mechanical Properties Question Bank
/uploads/mechanical-workshop/mechanical-sample-paper-1.pdf	Mechanical Engineering — Sample Paper 1
/uploads/mechanical-workshop/mechanical-sample-paper-2.pdf	Mechanical Engineering — Sample Paper 2
/uploads/mechanical-workshop/mechanical-sample-paper-3.pdf	Mechanical Engineering — Sample Paper 3
/uploads/mechanical-workshop/mechanical-sample-paper-4.pdf	Mechanical Engineering — Sample Paper 4
/uploads/mechanical-workshop/mechanical-sample-paper-5.pdf	Mechanical Engineering — Sample Paper 5
/uploads/mechanical-workshop/oil-waste-disposal-methods.pptx	Oil Waste Disposal Methods
/uploads/mechanical-workshop/properties-of-materials-notes.pdf	Properties Of Materials Notes
/uploads/mechanical-workshop/selection-of-lubricant.pptx	Selection Of Lubricant
/uploads/mechanical-workshop/smithy-shop.pdf	Smithy Shop
/uploads/mechanical-workshop/strength-of-material.pdf	Strength Of Material
/uploads/mechanical-workshop/theory-of-machines-notes.pdf	Theory Of Machines Notes
/uploads/mechanical-workshop/thermodynamics.pdf	Thermodynamics
/uploads/mechanical-workshop/unit1-mechanical-properties-slides.pdf	Unit1 Mechanical Properties Slides
/uploads/mechanical-workshop/unit2-theory-of-machines-slides.pdf	Unit2 Theory Of Machines Slides
/uploads/mechanical-workshop/unit3-fluid-kinematics-slides.pdf	Unit3 Fluid Kinematics Slides
/uploads/mechanical-workshop/unit4-ic-engines-automobiles-slides.pdf	Unit4 Ic Engines Automobiles Slides
/uploads/mechanical-workshop/welding-shop-drive-1.pdf	Welding Shop Drive 1
/uploads/mechanical-workshop/welding-shop-drive-2.pdf	Welding Shop Drive 2
/uploads/mechanical-workshop/welding-shop.pdf	Welding Shop
/uploads/physics/fiber-optics-slides.pdf	Fiber Optics Slides
/uploads/physics/fibre-optics-notes-v1.pdf	Fibre Optics Notes (Version 1)
/uploads/physics/interference.pdf	Interference
/uploads/physics/laser-notes.pdf	Laser Notes
/uploads/physics/physics-1st-year-complete-v2.pdf	Physics 1st Year Complete (Version 2)
/uploads/physics/physics-endsem-1-2025.pdf	Physics Endsem 1 2025
/uploads/physics/physics-full-notes.pdf	Physics Full Notes
/uploads/physics/physics-mst2-semA.pdf	Physics Mid-Semester Test 2
/uploads/physics/physics-notes-op-thakur.pdf	Physics Notes Op Thakur
/uploads/physics/physics-sample-papers-4sets.pdf	Engineering Physics — Sample Papers (4 Sets)
/uploads/physics/quantum-computing-notes.pdf	Quantum Computing Notes
/uploads/physics/quantum-computing-slides.pptx	Quantum Computing Slides
/uploads/physics/quantum-theory-notes-v1.pdf	Quantum Theory Notes (Version 1)
/uploads/physics/quantum-theory-slides.pdf	Quantum Theory Slides
/uploads/physics/special-theory-of-relativity.pdf	Special Theory Of Relativity
/uploads/programming/arrays-and-strings.pdf	Arrays And Strings
/uploads/programming/basics-of-c-language-semA.pdf	Basics Of C Language
/uploads/programming/c-language-book-semA.pdf	C Language Book
/uploads/programming/c-language-question-bank-1.pdf	C Language Question Bank 1
/uploads/programming/c-language-question-bank-2.pdf	C Language Question Bank 2
/uploads/programming/chapter-2-instructions-and-operators.pdf	Chapter 2 Instructions And Operators
/uploads/programming/chapter-3-boolean-algebra.pptx	Chapter 3 Boolean Algebra
/uploads/programming/chapter-3-conditional-instructions.pdf	Chapter 3 Conditional Instructions
/uploads/programming/co10504-lab-assignment-3.pdf	Co10504 Lab Assignment 3
/uploads/programming/co10504-lab-assignment-4.pdf	Co10504 Lab Assignment 4
/uploads/programming/co10504-lab-assignment-5.pdf	Co10504 Lab Assignment 5
/uploads/programming/computer-organization-syllabus.pdf	Computer Organization Syllabus
/uploads/programming/cp-notes.pdf	Cp Notes
/uploads/programming/dbms-notes-1.pdf	DBMS Notes 1
/uploads/programming/dbms-notes-2.pdf	DBMS Notes 2
/uploads/programming/dbms-question-bank.pdf	DBMS Question Bank
/uploads/programming/flowcharts-and-algorithms.pdf	Flowcharts And Algorithms
/uploads/programming/functions-and-recursion.pdf	Functions And Recursion
/uploads/programming/intro-to-ai-notes-1.pdf	Intro To AI Notes 1
/uploads/programming/intro-to-ai-notes-2.pdf	Intro To AI Notes 2
/uploads/programming/intro-to-ai-question-bank.pdf	Intro To AI Question Bank
/uploads/programming/intro-to-computer-networks.pdf	Intro To Computer Networks
/uploads/programming/intro-to-hardware-and-software.pdf	Intro To Hardware And Software
/uploads/programming/it-endsem-2019-2024.pdf	IT Endsem 2019 2024
/uploads/programming/it-endsem-2025.pdf	IT Endsem 2025
/uploads/programming/it-mst1-solutions.pdf	IT Mid-Semester Test 1 Solutions
/uploads/programming/it-mst1.pdf	IT Mid-Semester Test 1
/uploads/programming/it-mst2.pdf	IT Mid-Semester Test 2
/uploads/programming/lab-assignment-0.pdf	Lab Assignment 0
/uploads/programming/lab-assignment-1.pdf	Lab Assignment 1
/uploads/programming/lab-assignment-2.pdf	Lab Assignment 2
/uploads/programming/number-system-notes.pdf	Number System Notes
/uploads/programming/overview-of-operating-system.pdf	Overview Of Operating System
/uploads/programming/pointers-in-c-part1.pdf	Pointers In C Part1
/uploads/programming/programming-mst1.pdf	Programming Mid-Semester Test 1
/uploads/programming/python-cheat-sheet.pdf	Python Cheat Sheet
/uploads/programming/unit1-basic-concepts-of-it.pdf	Unit1 Basic Concepts Of IT
/uploads/programming/unit1-it-question-bank.pdf	Unit1 IT Question Bank
