1QGGTczuws9b7FKBxkbxUf_9M6wrHQ5nt	chemistry	corrosion-science-notes.pdf
1QXSG7G343CX0k340Xms8FzhpWgRR3Q_A	chemistry	aas-gta-reading-material.pdf
1QOxiUTl7fWAmN_s1qEkeNDX_DKXNIh-P	chemistry	aas.pdf
1NtgHG-qRf6YlhRoKxUpCJw6-VhLPkEOp	chemistry	atomic-absorption-spectroscopy-notes.pdf
1SdGZloVUZ9OZiJCebFR9RWtkmbt94I6N	chemistry	chemistry-previous-years.pdf
1TAg-VzWNeP1S1YgWEzpe5A5sJuvdEPxe	chemistry	chemistry-lab-manual-be-1st-year.pdf
1Sqd89cc3I07sl1ZcnRbvxwdO9oh2jq8D	chemistry	chemistry-notes.pdf
1Qu5NCKgHYvSywOw5Ewud99MjuS3EgENo	chemistry	chemistry-practical-1.pdf
1R8Frx1NAlpylXJ02dTh1O0Hy182HnENZ	chemistry	chemistry-practical-2.pdf
1QxzB9R-friUlDZlBQBYjAiWeRs3ebh53	chemistry	chemistry-practical-3.pdf
1SCsvHOii7hhBwhSCiB6i1Ce5ameFLfzJ	chemistry	chromatography-notes.pdf
1Q-5X-M_Wsn1gnw4OFYRsoURGnm0EG-zl	chemistry	corrosion-1.pdf
1Q5cBYjqqM5gUD5sq61naJWq4bfVuiSsG	chemistry	corrosion-2.pdf
1Q3Xm-UJldAf53YyavAURiQnhA8JA75oW	chemistry	corrosion-4-rotated.pdf
1Q1o-H9--rTMm553x9lPoGpge-pKXTkIH	chemistry	corrosion-5-rotated.pdf
1NUanzk2ufBymb4jgj91iLp7JCquHqcmW	chemistry	ethics-for-corrosion-control.docx
1RNq4AsQ-GdfJxGixQBgE8nL1ry4QRc1Y	mechanical-workshop	carpentry-shop.pdf
1Nyf0t2jqgkoZIhZDVlW1J0MOtO0_tCK9	mechanical-workshop	chapter-3-casting.pptx
1Q0-fIKDhy8iBsTH1JnCnhnJgK85nkB-f	mechanical-workshop	cutting-fluids.pptx
1S9_mqZOmitYtuhI-nxNuRLE-S8mXez9q	mechanical-workshop	fitting-1.pdf
1PcBY6cRBY-y7t0mcivRLqSi8B9-Cm6hv	mechanical-workshop	fitting-shop.pdf
1PrUAsOA7EMF0enkqp2gWFbDsDxUq4AVd	programming	arrays-and-strings.pdf
1T2MS3nOq97D2bH-KtrHZhGUWVxvD_0fr	programming	chapter-2-instructions-and-operators.pdf
1T3eg2-_Ku2f6imW0uNxzzy2uh_F-ft2W	programming	chapter-3-conditional-instructions.pdf
1OuqJID5LCi2iD6KJ0-qD4vY5-D5fx8s8	programming	co10504-lab-assignment-3.pdf
1OkKSs5x986oYfYjPuzwQ5cAl7IKmzQRs	programming	co10504-lab-assignment-4.pdf
1OjjVsRSwuFDU8WZp30vxFUPEOjj5eOeA	programming	co10504-lab-assignment-5.pdf
1TA5U39RCO45u0WETwNZqY04o3ljbjV8U	electronics	ec-unit-1.pdf
1TThIOA6in4EdCzHCkY_jj3d_4bodnY4s	languages	ab-15096-eng-labmanual.pdf
1TWEEELs4CljQfJuv31e1zmpHH3St6QMb	languages	eng-lab-manual.pdf
1TYNSz6fIngtCAWwYK0-f53ZQ-I96xX2e	languages	english-lab-manual-google-docs.pdf
1RL6osO1R1kxGlst8yDQ0shBNRg0RdqOI	languages	english-practical.pdf
1TDXLPpxvnR3EZnAl0igj2e7NQdiAurJX	civil	ce-assignment-1.pdf
1NrG79xyOY2XU6MGg3Fjg3KKa66HiLd22	mathematics	all-pyq-last-year-compilation.pdf
1NazFsZjClTaVqWEmYNxKVHRgmddMYWJM	general	scan-2.pdf
1NeAlmWWOUutBMb2Pc-BJ3wb7Pd7lBskA	general	scan-3.pdf
1NmLomdkZVEWbO731y8S9BYvyh_fzOnu2	general	scan-4.pdf
1Nonre_HLlLMxE6ANyduT4CFW4tofQ5uN	general	scan-5.pdf
1OQU7Dc5kNGoPEJUcsbf9q6LDPtWyRJo8	general	scan-5-alt.pdf
1QBTso-4VLfWQQObMI_zWkqfLEK5OxA-T	general	adobe-scan-2022.pdf
1OFGn6w-FOCzveNLMgB51wry9DCaDfphf	general	camscanner-1905084940.pdf
1OFfRVKpzSYPJK2VmYMPyLaZBi8bbz9vE	general	camscanner-2405132557.pdf
1ODuKfFo7xer8QMLRS6JVPe0YI6cvw2hQ	general	camscanner-2405132920.pdf
1OGidjfYTy2DAoctzzZGg8l7qglB8Yw84	general	camscanner-2705070337.pdf
1PnREwGln8v0gE2h0IRXskL6zAlidu4Xo	general	divyanshu-ab-19063.pdf
